taxpayer_id,business_name,business_type,registration_date,num_employees,annual_turnover,physical_address,address_verified,bank_account_verified,tax_agent_tpin,directors
TPIN_52628058,Business_0000,Sole Proprietor,2023-05-17,178,1639561.303307127,Address_0,Yes,Yes,AGENT_7430,1
TPIN_50759881,Business_0001,Limited Company,2012-09-22,171,5666129.684973339,Address_1,Yes,Yes,None,2
TPIN_75521669,Business_0002,Sole Proprietor,2004-06-01,75,2453408.4576058434,Address_2,No,Yes,AGENT_2113,1
TPIN_19546451,Business_0003,Sole Proprietor,2014-11-09,81,5843703.699269204,Address_3,Yes,Yes,AGENT_5387,1
TPIN_58990069,Business_0004,Limited Company,2011-03-23,63,7093445.538727456,Address_4,Yes,No,AGENT_4414,2
TPIN_21245992,Business_0005,Limited Company,2015-12-30,142,5188468.739739947,Address_5,No,Yes,None,4
TPIN_72108847,Business_0006,Limited Company,2019-07-11,132,866548.5899530192,Address_6,Yes,No,None,3
TPIN_57546066,Business_0007,Limited Company,2018-05-29,181,8684307.334284922,Address_7,Yes,Yes,None,4
TPIN_68207772,Business_0008,Sole Proprietor,2018-01-24,12,3452348.4059402766,Address_8,Yes,Yes,AGENT_7487,1
TPIN_45148344,Business_0009,Partnership,2016-04-14,182,6341213.137744785,Address_9,Yes,Yes,AGENT_8675,1
TPIN_91430786,Business_0010,Partnership,2020-02-18,151,4264990.096892666,Address_10,Yes,Yes,AGENT_1960,1
TPIN_69090465,Business_0011,Sole Proprietor,2022-09-03,80,8224870.215743136,Address_11,Yes,Yes,AGENT_3621,1
TPIN_32238807,Business_0012,Limited Company,2021-05-26,154,2238798.2222884395,Address_12,Yes,No,AGENT_7216,2
TPIN_53001143,Business_0013,Limited Company,2018-05-29,191,9566465.727739386,Address_13,Yes,Yes,AGENT_3779,4
TPIN_34261579,Business_0014,Limited Company,2016-03-26,71,8837787.67462707,Address_14,Yes,Yes,None,1
TPIN_10995136,Business_0015,Limited Company,2014-09-23,160,4687626.8013993995,Address_15,Yes,Yes,AGENT_8069,3
TPIN_64301913,Business_0016,Limited Company,2014-04-19,190,7414835.868463362,Address_16,Yes,Yes,AGENT_3974,1
TPIN_20711410,Business_0017,Sole Proprietor,2008-06-15,45,3920702.4156194828,Address_17,Yes,Yes,AGENT_4314,1
TPIN_10669716,Business_0018,Limited Company,2020-02-23,6,9257329.45340476,Address_18,Yes,Yes,AGENT_6471,2
TPIN_12481264,Business_0019,Sole Proprietor,2015-07-27,71,7521096.297165304,Address_19,Yes,Yes,AGENT_9493,1
TPIN_91081272,Business_0020,Sole Proprietor,2010-02-23,20,6509637.196326098,Address_20,Yes,Yes,None,1
TPIN_13373321,Business_0021,Sole Proprietor,2018-05-08,8,9770658.289438806,Address_21,No,Yes,None,1
TPIN_22559759,Business_0022,Limited Company,2007-08-27,158,9050990.676089529,Address_22,Yes,Yes,AGENT_2553,2
TPIN_12408363,Business_0023,Limited Company,2017-02-27,195,7190358.521626888,Address_23,Yes,Yes,AGENT_2087,2
TPIN_96200197,Business_0024,Limited Company,2007-08-04,6,6965460.675938047,Address_24,Yes,Yes,AGENT_2825,2
TPIN_86741197,Business_0025,Limited Company,2016-05-04,64,5429531.478148226,Address_25,Yes,No,None,1
TPIN_18280205,Business_0026,Limited Company,2018-12-01,148,791385.8357847391,Address_26,Yes,Yes,AGENT_7328,3
TPIN_25383193,Business_0027,Limited Company,2010-05-06,14,1561588.3327027014,Address_27,Yes,Yes,AGENT_6450,4
TPIN_93670727,Business_0028,Sole Proprietor,2015-08-11,154,1745193.6173626212,Address_28,No,Yes,AGENT_5710,1
TPIN_40836129,Business_0029,Partnership,2009-05-21,87,4982478.5225410545,Address_29,Yes,Yes,None,1
TPIN_78429300,Business_0030,Limited Company,2013-03-12,176,7826633.597533918,Address_30,Yes,Yes,AGENT_6785,2
TPIN_51314087,Business_0031,Sole Proprietor,2010-07-13,123,2093013.06422319,Address_31,Yes,Yes,None,1
TPIN_36401322,Business_0032,Limited Company,2011-05-18,189,2082406.0613621823,Address_32,Yes,Yes,None,2
TPIN_68544788,Business_0033,Limited Company,2020-11-19,77,5228383.847681024,Address_33,Yes,Yes,AGENT_3412,4
TPIN_29195996,Business_0034,Limited Company,2014-10-12,173,8382708.994927737,Address_34,Yes,Yes,AGENT_4417,4
TPIN_62708202,Business_0035,Sole Proprietor,2014-12-23,130,233253.53402156572,Address_35,Yes,Yes,None,1
TPIN_72993372,Business_0036,Partnership,2004-09-24,44,6056704.760750741,Address_36,Yes,No,AGENT_8537,1
TPIN_61939663,Business_0037,Sole Proprietor,2014-07-04,40,7270625.734338453,Address_37,Yes,Yes,AGENT_8030,1
TPIN_67830008,Business_0038,Sole Proprietor,2013-02-27,97,4297036.54090426,Address_38,Yes,Yes,None,1
TPIN_26433221,Business_0039,Limited Company,2008-10-31,181,9082630.67330467,Address_39,Yes,Yes,AGENT_5150,2
TPIN_57866265,Business_0040,Limited Company,2020-02-25,192,4568848.506773868,Address_40,Yes,Yes,AGENT_8778,3
TPIN_85201081,Business_0041,Sole Proprietor,2007-10-13,78,6475720.366505819,Address_41,Yes,Yes,AGENT_3973,1
TPIN_17397625,Business_0042,Limited Company,2020-12-07,142,8982031.526539732,Address_42,Yes,Yes,None,1
TPIN_99721211,Business_0043,Sole Proprietor,2010-05-28,76,147225.53616343628,Address_43,Yes,Yes,None,1
TPIN_60637138,Business_0044,Limited Company,2015-01-08,190,4700536.750784824,Address_44,Yes,Yes,AGENT_5032,3
TPIN_49817326,Business_0045,Limited Company,2018-11-06,45,9543422.85137206,Address_45,Yes,No,None,3
TPIN_41737171,Business_0046,Sole Proprietor,2023-06-11,80,6980291.69019277,Address_46,Yes,Yes,AGENT_1148,1
TPIN_82860001,Business_0047,Sole Proprietor,2006-06-27,84,3351747.9921494266,Address_47,No,No,None,1
TPIN_50132834,Business_0048,Partnership,2018-07-04,4,5050705.38167062,Address_48,Yes,Yes,None,1
TPIN_24506389,Business_0049,Limited Company,2013-07-01,48,9462369.460337002,Address_49,Yes,Yes,None,1
TPIN_74876469,Business_0050,Partnership,2010-03-21,142,5646521.772716655,Address_50,Yes,Yes,None,1
TPIN_14225289,Business_0051,Sole Proprietor,2004-04-13,187,2624636.357085254,Address_51,Yes,Yes,AGENT_3781,1
TPIN_80601268,Business_0052,Limited Company,2015-09-24,65,218850.8203501961,Address_52,Yes,Yes,AGENT_5688,3
TPIN_40166439,Business_0053,Limited Company,2009-08-08,153,8213252.519837765,Address_53,Yes,Yes,None,1
TPIN_30586811,Business_0054,Sole Proprietor,2018-09-18,172,7518635.067376369,Address_54,Yes,Yes,None,1
TPIN_77147966,Business_0055,Limited Company,2018-12-27,63,964699.8169513957,Address_55,Yes,No,None,3
TPIN_62785260,Business_0056,Partnership,2005-03-25,140,349071.94636966934,Address_56,No,Yes,None,1
TPIN_26669827,Business_0057,Limited Company,2019-01-20,93,3147152.7455899552,Address_57,Yes,Yes,None,1
TPIN_16677011,Business_0058,Sole Proprietor,2018-03-27,5,5313324.45865145,Address_58,Yes,Yes,AGENT_3584,1
TPIN_86775651,Business_0059,Limited Company,2013-11-25,120,5635830.507590409,Address_59,Yes,Yes,None,1
TPIN_76781621,Business_0060,Limited Company,2010-10-15,188,7393914.992251868,Address_60,Yes,Yes,AGENT_6136,3
TPIN_50722709,Business_0061,Sole Proprietor,2009-02-17,125,7717726.018881193,Address_61,Yes,Yes,None,1
TPIN_32075333,Business_0062,Limited Company,2010-03-17,139,3415822.3743003146,Address_62,Yes,Yes,None,4
TPIN_41804023,Business_0063,Partnership,2020-11-19,14,9837832.178764606,Address_63,Yes,Yes,None,1
TPIN_49597832,Business_0064,Limited Company,2020-12-21,69,2047731.1720803636,Address_64,Yes,Yes,None,1
TPIN_42520289,Business_0065,Limited Company,2023-01-08,161,5091776.674384087,Address_65,Yes,Yes,None,4
TPIN_98648857,Business_0066,Limited Company,2005-02-12,140,6610060.679352956,Address_66,Yes,Yes,None,3
TPIN_47708577,Business_0067,Limited Company,2020-11-03,95,6687758.758015783,Address_67,No,Yes,None,2
TPIN_16052071,Business_0068,Limited Company,2019-12-27,101,2253681.957765356,Address_68,Yes,Yes,AGENT_1443,2
TPIN_89921718,Business_0069,Sole Proprietor,2016-05-02,19,5335549.404765718,Address_69,Yes,Yes,None,1
TPIN_22719386,Business_0070,Limited Company,2008-11-10,76,8212720.8397947755,Address_70,Yes,Yes,None,3
TPIN_54586577,Business_0071,Limited Company,2009-03-04,64,4422611.386732942,Address_71,Yes,No,None,2
TPIN_39908367,Business_0072,Limited Company,2010-11-12,143,3838744.41330802,Address_72,Yes,Yes,None,3
TPIN_25097583,Business_0073,Limited Company,2016-09-30,158,2257683.1873574657,Address_73,Yes,Yes,None,2
TPIN_50399007,Business_0074,Limited Company,2007-06-05,120,9544359.569397373,Address_74,Yes,Yes,AGENT_6894,1
TPIN_83279616,Business_0075,Limited Company,2011-12-04,188,3661930.44551479,Address_75,No,Yes,None,1
TPIN_32718494,Business_0076,Sole Proprietor,2005-04-27,75,707783.7476474713,Address_76,Yes,Yes,AGENT_7514,1
TPIN_85234458,Business_0077,Limited Company,2023-11-05,198,3263099.8337865463,Address_77,No,Yes,AGENT_3087,1
TPIN_56807432,Business_0078,Limited Company,2015-08-01,18,5318469.096627203,Address_78,Yes,Yes,AGENT_7646,3
TPIN_29690423,Business_0079,Sole Proprietor,2004-05-05,53,1626802.3592363186,Address_79,No,Yes,AGENT_2009,1
TPIN_11909052,Business_0080,Sole Proprietor,2009-09-15,21,5372076.395960406,Address_80,Yes,Yes,None,1
TPIN_36020024,Business_0081,Sole Proprietor,2014-01-31,179,5371554.047919825,Address_81,Yes,Yes,None,1
TPIN_50584073,Business_0082,Limited Company,2005-12-21,156,6952644.25496316,Address_82,Yes,Yes,None,4
TPIN_55463530,Business_0083,Sole Proprietor,2011-04-07,199,4272875.623085849,Address_83,Yes,Yes,AGENT_8325,1
TPIN_36038171,Business_0084,Partnership,2017-02-22,8,3170585.233340117,Address_84,Yes,Yes,AGENT_2427,1
TPIN_41770031,Business_0085,Sole Proprietor,2020-09-03,156,7180959.417457151,Address_85,Yes,Yes,None,1
TPIN_83908985,Business_0086,Limited Company,2004-10-26,83,7097342.414820259,Address_86,Yes,Yes,None,4
TPIN_40312443,Business_0087,Limited Company,2011-05-17,49,3253666.161280718,Address_87,Yes,Yes,AGENT_6440,1
TPIN_35459443,Business_0088,Limited Company,2017-04-08,31,1656620.603935249,Address_88,Yes,Yes,AGENT_3071,3
TPIN_32191081,Business_0089,Limited Company,2023-01-05,7,2275088.7810683176,Address_89,Yes,Yes,AGENT_2589,2
TPIN_14122816,Business_0090,Limited Company,2016-10-29,100,5186076.93035657,Address_90,Yes,Yes,None,3
TPIN_78992080,Business_0091,Partnership,2011-10-24,153,3134921.7418903834,Address_91,No,Yes,AGENT_7345,1
TPIN_89380558,Business_0092,Limited Company,2009-05-31,85,6463198.116147819,Address_92,Yes,Yes,AGENT_6941,3
TPIN_99025303,Business_0093,Sole Proprietor,2021-01-03,146,9172872.540996853,Address_93,Yes,Yes,AGENT_2526,1
TPIN_44521876,Business_0094,Limited Company,2005-05-04,121,3521888.0753294607,Address_94,Yes,Yes,None,1
TPIN_60500250,Business_0095,Sole Proprietor,2005-09-27,15,7265773.686687975,Address_95,Yes,Yes,AGENT_1107,1
TPIN_76126333,Business_0096,Limited Company,2022-03-20,160,2841117.052488392,Address_96,Yes,Yes,None,2
TPIN_10195297,Business_0097,Sole Proprietor,2006-02-06,173,8305202.554551862,Address_97,No,Yes,AGENT_1229,1
TPIN_55821384,Business_0098,Sole Proprietor,2021-06-06,136,3554978.4972672598,Address_98,Yes,Yes,None,1
TPIN_23228583,Business_0099,Limited Company,2014-05-29,197,9881206.289144311,Address_99,Yes,Yes,AGENT_9289,2
TPIN_43782425,Business_0100,Limited Company,2010-09-27,27,237512.33616605328,Address_100,Yes,Yes,AGENT_7085,2
TPIN_90748044,Business_0101,Limited Company,2013-04-17,29,3331810.6988942437,Address_101,Yes,Yes,AGENT_4096,2
TPIN_53086722,Business_0102,Limited Company,2017-04-19,83,6849275.3601803,Address_102,Yes,Yes,None,2
TPIN_54788237,Business_0103,Sole Proprietor,2021-01-20,94,1442604.5235758605,Address_103,Yes,No,AGENT_6218,1
TPIN_76464285,Business_0104,Limited Company,2009-01-14,70,4545684.831994933,Address_104,Yes,Yes,None,2
TPIN_82924171,Business_0105,Sole Proprietor,2018-04-08,172,3279049.7295619114,Address_105,Yes,Yes,None,1
TPIN_71629108,Business_0106,Limited Company,2021-08-09,25,1468473.816711354,Address_106,No,Yes,None,3
TPIN_90834469,Business_0107,Limited Company,2009-07-15,3,8132723.613521159,Address_107,No,Yes,None,1
TPIN_32935029,Business_0108,Partnership,2019-10-17,96,5976145.8860929385,Address_108,No,Yes,AGENT_2299,1
TPIN_38948892,Business_0109,Sole Proprietor,2008-08-30,18,6452280.521203081,Address_109,Yes,Yes,AGENT_3198,1
TPIN_86705290,Business_0110,Limited Company,2015-03-22,147,4007041.2072867816,Address_110,Yes,Yes,AGENT_9727,1
TPIN_89847556,Business_0111,Limited Company,2011-12-16,8,8636248.955325913,Address_111,Yes,Yes,None,1
TPIN_94703300,Business_0112,Sole Proprietor,2012-09-21,32,6523082.030890419,Address_112,Yes,Yes,AGENT_7562,1
TPIN_48620526,Business_0113,Sole Proprietor,2013-06-27,65,9262397.632366853,Address_113,Yes,No,None,1
TPIN_23849012,Business_0114,Limited Company,2020-12-04,122,1356243.481732798,Address_114,Yes,Yes,AGENT_9709,2
TPIN_95202937,Business_0115,Limited Company,2010-05-06,61,9154279.431877177,Address_115,Yes,Yes,AGENT_7346,2
TPIN_39716921,Business_0116,Limited Company,2008-04-29,183,6447510.787867254,Address_116,Yes,Yes,None,1
TPIN_67055206,Business_0117,Limited Company,2018-09-21,130,6978099.415472291,Address_117,Yes,Yes,AGENT_6958,1
TPIN_15755813,Business_0118,Sole Proprietor,2014-01-11,102,1220125.2098310858,Address_118,No,Yes,AGENT_1193,1
TPIN_67763263,Business_0119,Limited Company,2008-03-06,9,676690.7999847364,Address_119,Yes,Yes,AGENT_2383,3
TPIN_58588275,Business_0120,Partnership,2015-04-09,128,9380657.731350863,Address_120,Yes,Yes,AGENT_8980,1
TPIN_65670390,Business_0121,Limited Company,2015-02-15,32,3667935.108487576,Address_121,Yes,Yes,AGENT_1155,1
TPIN_90407397,Business_0122,Sole Proprietor,2013-03-18,26,3063269.0804784377,Address_122,Yes,Yes,AGENT_2069,1
TPIN_29761923,Business_0123,Partnership,2014-02-01,15,1153991.6555179972,Address_123,Yes,Yes,None,1
TPIN_67320865,Business_0124,Sole Proprietor,2021-12-09,154,6270749.506298156,Address_124,Yes,Yes,AGENT_6161,1
TPIN_44978485,Business_0125,Limited Company,2010-09-04,180,2084509.0669232614,Address_125,Yes,Yes,AGENT_7042,2
TPIN_96335560,Business_0126,Limited Company,2014-04-06,171,9309929.813191649,Address_126,Yes,Yes,AGENT_6884,4
TPIN_31739329,Business_0127,Limited Company,2011-07-22,81,822283.1081741799,Address_127,Yes,Yes,AGENT_9075,2
TPIN_20542110,Business_0128,Limited Company,2017-02-15,193,9230529.594343165,Address_128,Yes,Yes,AGENT_5263,2
TPIN_86293919,Business_0129,Limited Company,2005-03-21,88,7219939.952036256,Address_129,No,Yes,AGENT_4185,4
TPIN_36044448,Business_0130,Limited Company,2021-07-21,46,8099820.914968371,Address_130,Yes,Yes,AGENT_1091,4
TPIN_76748517,Business_0131,Sole Proprietor,2015-12-03,140,8290537.010770915,Address_131,No,Yes,AGENT_9207,1
TPIN_34380301,Business_0132,Sole Proprietor,2017-05-24,134,7939094.437223139,Address_132,Yes,Yes,AGENT_2491,1
TPIN_93869350,Business_0133,Limited Company,2017-09-30,2,8164406.741102882,Address_133,Yes,Yes,AGENT_6631,2
TPIN_27272452,Business_0134,Sole Proprietor,2023-07-26,99,8478172.105553966,Address_134,Yes,Yes,AGENT_8250,1
TPIN_76949937,Business_0135,Limited Company,2008-07-05,26,1566870.7252790986,Address_135,Yes,Yes,AGENT_8767,3
TPIN_66975788,Business_0136,Limited Company,2015-10-04,31,7003890.634578506,Address_136,No,Yes,AGENT_6164,1
TPIN_87278539,Business_0137,Sole Proprietor,2012-09-16,62,8471963.816501128,Address_137,No,Yes,None,1
TPIN_49551194,Business_0138,Limited Company,2020-06-10,22,9136110.886967491,Address_138,No,Yes,AGENT_1064,2
TPIN_44301628,Business_0139,Sole Proprietor,2015-04-26,158,6106270.238278044,Address_139,Yes,No,AGENT_5255,1
TPIN_17862165,Business_0140,Limited Company,2018-02-09,41,201356.22550235433,Address_140,Yes,Yes,AGENT_8707,3
TPIN_40050273,Business_0141,Sole Proprietor,2007-08-20,55,4953407.108289601,Address_141,Yes,Yes,AGENT_6434,1
TPIN_55719699,Business_0142,Limited Company,2014-02-03,31,1314234.569596948,Address_142,Yes,Yes,None,3
TPIN_70636832,Business_0143,Limited Company,2014-09-09,155,1912449.6677955824,Address_143,Yes,No,AGENT_3612,3
TPIN_26777659,Business_0144,Sole Proprietor,2008-05-23,86,8600299.254272163,Address_144,Yes,Yes,None,1
TPIN_94730607,Business_0145,Limited Company,2007-09-07,107,2182976.739617776,Address_145,Yes,Yes,None,4
TPIN_31108167,Business_0146,Limited Company,2019-01-31,90,2164833.3804563903,Address_146,No,Yes,AGENT_4399,2
TPIN_76503098,Business_0147,Limited Company,2009-12-11,89,5788001.831535317,Address_147,Yes,No,AGENT_3786,4
TPIN_38511602,Business_0148,Sole Proprietor,2018-04-20,109,4120012.5630188007,Address_148,Yes,Yes,None,1
TPIN_41988121,Business_0149,Limited Company,2004-09-06,128,8806627.999196976,Address_149,Yes,No,AGENT_5145,2
TPIN_95505613,Business_0150,Sole Proprietor,2007-10-10,36,8465982.257387564,Address_150,Yes,Yes,AGENT_1559,1
TPIN_86018804,Business_0151,Limited Company,2017-09-29,115,3428639.3115396746,Address_151,Yes,Yes,None,1
TPIN_82525913,Business_0152,Sole Proprietor,2014-01-23,108,1144936.453458209,Address_152,Yes,Yes,AGENT_9198,1
TPIN_62104618,Business_0153,Limited Company,2006-05-14,40,9767741.044324934,Address_153,No,Yes,AGENT_5948,1
TPIN_22965192,Business_0154,Limited Company,2008-12-20,145,7311370.850534397,Address_154,Yes,Yes,AGENT_3395,4
TPIN_54622353,Business_0155,Limited Company,2008-07-01,91,7591260.25912667,Address_155,No,Yes,AGENT_3803,1
TPIN_74227449,Business_0156,Sole Proprietor,2011-06-28,184,1509507.2093669018,Address_156,No,No,AGENT_4464,1
TPIN_47601809,Business_0157,Sole Proprietor,2006-09-18,140,3348788.1594224954,Address_157,Yes,No,None,1
TPIN_82380837,Business_0158,Partnership,2008-07-05,59,4139668.5762518826,Address_158,Yes,Yes,AGENT_7401,1
TPIN_48283794,Business_0159,Sole Proprietor,2014-05-07,166,9921426.566437371,Address_159,Yes,Yes,AGENT_1538,1
TPIN_74308096,Business_0160,Limited Company,2021-12-02,44,8536866.974577777,Address_160,Yes,Yes,AGENT_3380,1
TPIN_98116287,Business_0161,Sole Proprietor,2020-03-19,11,1632830.050115123,Address_161,No,Yes,AGENT_8865,1
TPIN_59343104,Business_0162,Partnership,2020-09-08,58,2216035.0633442695,Address_162,Yes,Yes,AGENT_6208,1
TPIN_81925515,Business_0163,Limited Company,2017-10-21,127,9199234.603193121,Address_163,Yes,Yes,AGENT_7209,2
TPIN_30684007,Business_0164,Limited Company,2008-01-06,180,8402335.964624213,Address_164,Yes,Yes,None,3
TPIN_73524265,Business_0165,Partnership,2009-01-19,121,3764753.1827248335,Address_165,Yes,Yes,AGENT_3597,1
TPIN_65561205,Business_0166,Limited Company,2009-10-08,91,1628297.5632833135,Address_166,Yes,No,AGENT_1869,3
TPIN_56889301,Business_0167,Limited Company,2008-12-04,126,5812167.333845918,Address_167,Yes,Yes,AGENT_6147,4
TPIN_39635867,Business_0168,Limited Company,2008-05-10,42,3560562.703213125,Address_168,Yes,Yes,None,1
TPIN_16618482,Business_0169,Limited Company,2008-05-16,156,2062982.996791715,Address_169,Yes,Yes,AGENT_6756,2
TPIN_71496076,Business_0170,Limited Company,2023-11-05,25,2249439.0030891486,Address_170,Yes,Yes,AGENT_2737,2
TPIN_54505227,Business_0171,Limited Company,2013-11-16,115,3293293.8163668397,Address_171,Yes,Yes,None,4
TPIN_68364861,Business_0172,Partnership,2013-04-15,130,6329372.087049049,Address_172,Yes,Yes,None,1
TPIN_96252783,Business_0173,Sole Proprietor,2023-07-23,78,2412543.5567182032,Address_173,Yes,Yes,AGENT_1311,1
TPIN_87413583,Business_0174,Sole Proprietor,2009-01-15,109,5990805.44808098,Address_174,Yes,Yes,None,1
TPIN_99010743,Business_0175,Limited Company,2012-07-05,167,7402378.23322266,Address_175,Yes,Yes,None,2
TPIN_92554516,Business_0176,Limited Company,2019-10-27,62,6275685.928312809,Address_176,No,Yes,AGENT_8812,2
TPIN_73811433,Business_0177,Limited Company,2009-06-07,143,6978412.113439909,Address_177,Yes,Yes,AGENT_6549,1
TPIN_43041007,Business_0178,Limited Company,2011-05-04,73,7420758.242510821,Address_178,Yes,No,AGENT_3318,1
TPIN_75820467,Business_0179,Partnership,2009-03-01,84,2114993.7074122317,Address_179,Yes,Yes,AGENT_1424,1
TPIN_23031174,Business_0180,Limited Company,2017-02-26,36,281169.8683693078,Address_180,Yes,Yes,AGENT_4651,2
TPIN_48226821,Business_0181,Sole Proprietor,2020-09-14,18,712614.0913373714,Address_181,Yes,Yes,AGENT_6128,1
TPIN_46478943,Business_0182,Partnership,2010-08-16,171,7799253.667399568,Address_182,Yes,Yes,AGENT_6357,1
TPIN_82304002,Business_0183,Limited Company,2012-12-24,157,7213392.67585724,Address_183,Yes,Yes,AGENT_2813,4
TPIN_90915951,Business_0184,Limited Company,2017-06-02,176,5846080.860637258,Address_184,Yes,Yes,None,3
TPIN_19338285,Business_0185,Limited Company,2016-07-15,83,752998.9666212763,Address_185,Yes,Yes,AGENT_6845,3
TPIN_17067863,Business_0186,Partnership,2013-11-29,90,9161782.677328316,Address_186,Yes,Yes,None,1
TPIN_35146369,Business_0187,Sole Proprietor,2012-11-20,161,2798671.254237597,Address_187,Yes,Yes,AGENT_4395,1
TPIN_27830749,Business_0188,Sole Proprietor,2012-04-04,149,2049225.3306582638,Address_188,Yes,Yes,AGENT_4733,1
TPIN_22348548,Business_0189,Sole Proprietor,2022-01-01,50,4317998.156443222,Address_189,No,Yes,None,1
TPIN_17252739,Business_0190,Limited Company,2013-11-07,2,1647084.9673602064,Address_190,Yes,No,AGENT_1284,4
TPIN_22623203,Business_0191,Partnership,2017-04-02,16,5979211.7533552535,Address_191,Yes,Yes,AGENT_8755,1
TPIN_96325115,Business_0192,Limited Company,2023-03-10,64,951580.0568804371,Address_192,Yes,Yes,AGENT_6313,4
TPIN_36502000,Business_0193,Limited Company,2007-12-22,71,2441897.253111492,Address_193,Yes,Yes,AGENT_8824,2
TPIN_94494572,Business_0194,Sole Proprietor,2007-07-01,126,4702237.19480179,Address_194,Yes,Yes,AGENT_3808,1
TPIN_66747080,Business_0195,Partnership,2006-06-23,159,7699581.373346038,Address_195,Yes,Yes,AGENT_6796,1
TPIN_24814595,Business_0196,Limited Company,2014-11-26,116,6647188.390926742,Address_196,Yes,Yes,None,4
TPIN_70171284,Business_0197,Partnership,2006-11-04,106,6795176.531225474,Address_197,Yes,Yes,AGENT_7992,1
TPIN_75278805,Business_0198,Limited Company,2010-02-10,118,1778767.3196652352,Address_198,Yes,Yes,AGENT_1645,1
TPIN_56053743,Business_0199,Partnership,2018-06-13,33,2813024.630073303,Address_199,Yes,Yes,AGENT_6581,1
TPIN_82837024,Business_0200,Limited Company,2020-07-07,74,1247407.2205032622,Address_200,Yes,Yes,AGENT_5051,3
TPIN_52808540,Business_0201,Limited Company,2006-12-14,121,3726584.886544666,Address_201,Yes,Yes,AGENT_8275,4
TPIN_22212566,Business_0202,Limited Company,2005-12-29,86,1948160.5810476993,Address_202,Yes,Yes,AGENT_8235,4
TPIN_47353128,Business_0203,Sole Proprietor,2013-08-19,133,4829431.653403309,Address_203,No,No,AGENT_9521,1
TPIN_46284235,Business_0204,Limited Company,2007-06-19,128,5987265.139260017,Address_204,Yes,Yes,None,4
TPIN_20262941,Business_0205,Limited Company,2022-08-09,137,4190031.7611803594,Address_205,Yes,Yes,AGENT_5400,3
TPIN_16785995,Business_0206,Sole Proprietor,2012-08-16,40,8051144.668959692,Address_206,Yes,Yes,None,1
TPIN_58987413,Business_0207,Limited Company,2005-04-21,63,2399650.48359187,Address_207,Yes,No,AGENT_7997,3
TPIN_92913655,Business_0208,Limited Company,2022-06-12,130,3143300.5866355635,Address_208,Yes,Yes,AGENT_3259,4
TPIN_98310570,Business_0209,Limited Company,2022-07-21,121,7026096.901608482,Address_209,No,Yes,None,3
TPIN_44487556,Business_0210,Sole Proprietor,2012-03-24,61,1443967.9778327968,Address_210,Yes,Yes,AGENT_7613,1
TPIN_58901070,Business_0211,Limited Company,2004-02-14,139,6331767.800330222,Address_211,Yes,Yes,AGENT_8609,4
TPIN_77411910,Business_0212,Limited Company,2011-12-22,88,4857535.335464871,Address_212,Yes,Yes,None,3
TPIN_74798412,Business_0213,Limited Company,2008-05-13,54,9001064.221803252,Address_213,Yes,Yes,AGENT_5768,1
TPIN_16307924,Business_0214,Limited Company,2017-04-17,89,2544693.0645791967,Address_214,Yes,Yes,None,1
TPIN_18510064,Business_0215,Sole Proprietor,2013-10-29,152,7477815.145264192,Address_215,Yes,Yes,AGENT_2143,1
TPIN_91751188,Business_0216,Limited Company,2007-12-11,39,7269396.046451121,Address_216,Yes,Yes,None,1
TPIN_22331707,Business_0217,Sole Proprietor,2015-11-09,89,5308569.784470709,Address_217,Yes,Yes,AGENT_9913,1
TPIN_70978032,Business_0218,Limited Company,2005-03-02,159,5838082.449515963,Address_218,Yes,Yes,None,4
TPIN_13509159,Business_0219,Sole Proprietor,2020-07-01,30,459515.91942377907,Address_219,No,Yes,AGENT_8969,1
TPIN_95423627,Business_0220,Limited Company,2011-05-31,184,9741391.952540407,Address_220,Yes,Yes,AGENT_5680,4
TPIN_13511003,Business_0221,Limited Company,2013-03-20,47,694511.4467685572,Address_221,Yes,Yes,AGENT_8934,4
TPIN_18166841,Business_0222,Sole Proprietor,2009-04-01,44,5586454.400059806,Address_222,No,No,AGENT_4238,1
TPIN_37549493,Business_0223,Sole Proprietor,2012-09-08,43,9522192.687389726,Address_223,Yes,Yes,None,1
TPIN_87681272,Business_0224,Limited Company,2011-03-17,9,9723866.506217718,Address_224,Yes,Yes,AGENT_4868,1
TPIN_31634778,Business_0225,Sole Proprietor,2014-02-09,71,4896919.6926166685,Address_225,Yes,Yes,AGENT_5307,1
TPIN_90704474,Business_0226,Sole Proprietor,2015-11-29,59,7175345.756715869,Address_226,Yes,Yes,AGENT_3728,1
TPIN_88580030,Business_0227,Limited Company,2008-06-01,183,5461584.64183808,Address_227,Yes,Yes,AGENT_4601,3
TPIN_92166378,Business_0228,Limited Company,2021-05-23,49,1712736.6636005868,Address_228,Yes,Yes,AGENT_6580,3
TPIN_13383226,Business_0229,Limited Company,2016-08-26,83,997044.1566267861,Address_229,Yes,Yes,None,1
TPIN_34918868,Business_0230,Sole Proprietor,2010-08-03,114,7934270.98181399,Address_230,Yes,Yes,AGENT_7833,1
TPIN_78932326,Business_0231,Limited Company,2012-05-07,128,810621.8350291741,Address_231,Yes,Yes,None,1
TPIN_61078759,Business_0232,Sole Proprietor,2005-02-05,45,2419445.3539479473,Address_232,Yes,Yes,None,1
TPIN_41544091,Business_0233,Limited Company,2015-09-14,81,4329942.45676976,Address_233,Yes,Yes,AGENT_1688,1
TPIN_70919159,Business_0234,Limited Company,2020-07-08,63,3540323.0040846854,Address_234,No,Yes,AGENT_3462,4
TPIN_73584748,Business_0235,Limited Company,2009-12-31,6,1681531.2473399031,Address_235,Yes,Yes,AGENT_4359,2
TPIN_88286766,Business_0236,Partnership,2010-02-04,132,329541.5167509633,Address_236,Yes,Yes,None,1
TPIN_59981605,Business_0237,Limited Company,2005-06-06,126,3505464.42912085,Address_237,Yes,Yes,None,4
TPIN_98650758,Business_0238,Limited Company,2017-07-23,91,1521255.1034180454,Address_238,Yes,Yes,AGENT_6292,4
TPIN_50947312,Business_0239,Limited Company,2015-07-26,187,5082880.466529339,Address_239,Yes,Yes,AGENT_5289,2
TPIN_70733646,Business_0240,Limited Company,2012-01-10,115,2073658.748822445,Address_240,Yes,Yes,AGENT_5603,3
TPIN_81394070,Business_0241,Limited Company,2020-02-05,142,5775622.35595447,Address_241,Yes,Yes,AGENT_4764,4
TPIN_99878656,Business_0242,Sole Proprietor,2015-01-09,39,4038761.290214448,Address_242,Yes,Yes,AGENT_5083,1
TPIN_70654144,Business_0243,Limited Company,2020-07-19,79,4017451.233856913,Address_243,No,Yes,None,3
TPIN_30312159,Business_0244,Limited Company,2008-07-27,157,1382308.6548667487,Address_244,Yes,Yes,AGENT_5811,4
TPIN_65862760,Business_0245,Limited Company,2021-04-04,127,4471288.2099930085,Address_245,Yes,Yes,AGENT_6935,3
TPIN_65722666,Business_0246,Limited Company,2012-02-29,4,2049984.2205848275,Address_246,Yes,Yes,None,1
TPIN_86018833,Business_0247,Limited Company,2015-11-16,30,2829789.4356917697,Address_247,Yes,Yes,None,1
TPIN_77465212,Business_0248,Partnership,2011-01-09,177,1792284.1329618644,Address_248,Yes,Yes,None,1
TPIN_15496080,Business_0249,Sole Proprietor,2019-04-21,44,3655059.340284577,Address_249,Yes,Yes,AGENT_5239,1
TPIN_96130968,Business_0250,Limited Company,2022-12-14,66,4535887.0901489295,Address_250,Yes,Yes,None,1
TPIN_53513803,Business_0251,Limited Company,2010-03-17,173,9341022.246276233,Address_251,Yes,Yes,AGENT_6182,3
TPIN_37900113,Business_0252,Limited Company,2016-09-04,193,4898557.31090156,Address_252,Yes,Yes,AGENT_3136,4
TPIN_58846742,Business_0253,Limited Company,2004-11-13,161,5514520.816778051,Address_253,No,Yes,None,3
TPIN_22193242,Business_0254,Limited Company,2009-09-05,31,7233707.637984476,Address_254,Yes,Yes,None,4
TPIN_17259851,Business_0255,Limited Company,2004-12-29,73,7785882.891950048,Address_255,Yes,Yes,None,4
TPIN_50677090,Business_0256,Sole Proprietor,2011-03-15,2,8679544.985834286,Address_256,Yes,Yes,AGENT_5117,1
TPIN_38832455,Business_0257,Limited Company,2012-02-14,165,1280507.4972692004,Address_257,Yes,Yes,AGENT_6145,2
TPIN_49861339,Business_0258,Sole Proprietor,2022-12-02,73,4516568.984769686,Address_258,Yes,Yes,AGENT_9890,1
TPIN_99434557,Business_0259,Limited Company,2017-10-04,6,6116479.2642395925,Address_259,Yes,Yes,AGENT_5482,3
TPIN_11465794,Business_0260,Partnership,2021-06-08,75,5316718.127856726,Address_260,Yes,Yes,None,1
TPIN_32823984,Business_0261,Limited Company,2013-02-19,51,8212193.694945955,Address_261,Yes,Yes,None,1
TPIN_20302007,Business_0262,Partnership,2020-12-11,18,4323535.34622477,Address_262,No,Yes,None,1
TPIN_84383211,Business_0263,Partnership,2007-09-24,38,2836376.3977286685,Address_263,No,Yes,AGENT_2624,1
TPIN_54040931,Business_0264,Limited Company,2009-03-07,122,8151952.456243601,Address_264,Yes,Yes,None,4
TPIN_13008498,Business_0265,Limited Company,2010-04-01,29,9753710.624379305,Address_265,Yes,Yes,None,1
TPIN_52185502,Business_0266,Limited Company,2021-06-24,117,6291875.768379512,Address_266,Yes,Yes,AGENT_7957,2
TPIN_56417570,Business_0267,Limited Company,2012-05-29,57,7492094.036348093,Address_267,Yes,Yes,AGENT_4414,1
TPIN_10130134,Business_0268,Sole Proprietor,2008-04-16,31,8444637.472074278,Address_268,Yes,Yes,AGENT_1733,1
TPIN_65456741,Business_0269,Sole Proprietor,2018-12-22,75,4777057.383967936,Address_269,No,Yes,None,1
TPIN_42188147,Business_0270,Limited Company,2014-03-10,133,3406594.257505147,Address_270,Yes,Yes,None,4
TPIN_10301806,Business_0271,Sole Proprietor,2015-10-20,151,2235504.4989538305,Address_271,Yes,Yes,None,1
TPIN_14382405,Business_0272,Sole Proprietor,2005-09-06,192,5336201.452020463,Address_272,Yes,Yes,None,1
TPIN_40369308,Business_0273,Sole Proprietor,2022-05-22,160,8682765.542242015,Address_273,Yes,Yes,None,1
TPIN_37558034,Business_0274,Limited Company,2012-04-01,147,6277047.746280007,Address_274,Yes,Yes,AGENT_6947,2
TPIN_71964542,Business_0275,Limited Company,2012-08-10,57,7906934.2475010995,Address_275,Yes,Yes,AGENT_3519,2
TPIN_71096525,Business_0276,Sole Proprietor,2016-03-19,197,6008287.260827968,Address_276,Yes,Yes,AGENT_2960,1
TPIN_23477195,Business_0277,Partnership,2020-12-19,166,6644746.124972978,Address_277,Yes,Yes,AGENT_7375,1
TPIN_28122462,Business_0278,Limited Company,2019-02-20,40,8406317.387508638,Address_278,Yes,Yes,None,4
TPIN_89245136,Business_0279,Limited Company,2022-05-26,84,4155576.308267938,Address_279,Yes,Yes,AGENT_1979,1
TPIN_85043864,Business_0280,Limited Company,2018-06-14,26,4693927.768225018,Address_280,Yes,Yes,AGENT_8614,4
TPIN_51121361,Business_0281,Limited Company,2019-03-23,10,7632773.878294766,Address_281,Yes,Yes,AGENT_8197,2
TPIN_44423960,Business_0282,Limited Company,2010-07-11,40,2537581.497041712,Address_282,Yes,Yes,None,4
TPIN_23161595,Business_0283,Limited Company,2022-03-23,148,1311179.6612211955,Address_283,Yes,Yes,AGENT_9669,3
TPIN_46459751,Business_0284,Sole Proprietor,2019-06-14,30,2355100.9520960106,Address_284,Yes,Yes,AGENT_4388,1
TPIN_64889143,Business_0285,Sole Proprietor,2012-05-13,15,7095241.583135962,Address_285,Yes,Yes,AGENT_1987,1
TPIN_52044091,Business_0286,Partnership,2004-02-07,139,2996448.866133142,Address_286,Yes,Yes,AGENT_2423,1
TPIN_78081194,Business_0287,Sole Proprietor,2008-08-31,58,3643879.6417908305,Address_287,Yes,Yes,AGENT_7499,1
TPIN_74970859,Business_0288,Limited Company,2005-09-06,193,9957282.383011084,Address_288,Yes,Yes,None,3
TPIN_36953672,Business_0289,Limited Company,2021-09-18,74,5053680.522102345,Address_289,Yes,Yes,AGENT_5358,4
TPIN_59061524,Business_0290,Limited Company,2017-01-22,153,522914.80990993814,Address_290,Yes,Yes,AGENT_5990,1
TPIN_61321598,Business_0291,Sole Proprietor,2007-09-06,143,8935319.52036488,Address_291,Yes,Yes,AGENT_1301,1
TPIN_77216240,Business_0292,Sole Proprietor,2018-05-23,66,445290.54387032805,Address_292,Yes,No,None,1
TPIN_21789040,Business_0293,Limited Company,2009-10-19,173,7043788.386232118,Address_293,No,Yes,AGENT_4340,4
TPIN_83197756,Business_0294,Sole Proprietor,2011-07-18,161,4982793.251762692,Address_294,Yes,Yes,AGENT_1092,1
TPIN_10155582,Business_0295,Limited Company,2017-03-23,180,6021867.87166896,Address_295,Yes,Yes,None,1
TPIN_92884448,Business_0296,Limited Company,2005-02-12,163,226792.59304122723,Address_296,Yes,Yes,None,3
TPIN_13404851,Business_0297,Limited Company,2015-09-01,87,1965767.985249511,Address_297,Yes,Yes,None,4
TPIN_55890575,Business_0298,Sole Proprietor,2015-11-13,155,1922230.9982938569,Address_298,Yes,Yes,AGENT_2884,1
TPIN_67751418,Business_0299,Limited Company,2015-05-17,17,2462631.9333052523,Address_299,Yes,Yes,AGENT_5466,4
TPIN_36323115,Business_0300,Limited Company,2023-05-12,57,7334870.020148437,Address_300,Yes,Yes,AGENT_5262,3
TPIN_49546769,Business_0301,Limited Company,2023-09-04,55,1222403.405953361,Address_301,No,Yes,AGENT_4224,1
TPIN_21101519,Business_0302,Limited Company,2005-02-26,3,7480588.112388353,Address_302,Yes,Yes,AGENT_2717,3
TPIN_23814347,Business_0303,Limited Company,2017-05-02,61,3757065.6545457556,Address_303,No,Yes,AGENT_9641,4
TPIN_20610083,Business_0304,Limited Company,2016-10-31,136,7486750.337999759,Address_304,Yes,Yes,AGENT_2289,4
TPIN_94511769,Business_0305,Sole Proprietor,2010-02-02,21,6260804.781024518,Address_305,Yes,No,AGENT_9842,1
TPIN_37395258,Business_0306,Sole Proprietor,2007-06-07,140,4833826.24649554,Address_306,Yes,Yes,AGENT_4450,1
TPIN_24644767,Business_0307,Sole Proprietor,2005-09-23,21,7472017.585460195,Address_307,No,Yes,None,1
TPIN_60217227,Business_0308,Limited Company,2021-05-01,179,2363329.0547595522,Address_308,Yes,Yes,None,3
TPIN_34751704,Business_0309,Sole Proprietor,2017-10-23,64,7444844.457219227,Address_309,Yes,Yes,AGENT_5886,1
TPIN_95366544,Business_0310,Limited Company,2019-03-12,95,3171501.5938798585,Address_310,Yes,Yes,AGENT_9103,1
TPIN_29529186,Business_0311,Limited Company,2013-03-05,28,5182442.034511415,Address_311,Yes,Yes,None,1
TPIN_74840809,Business_0312,Limited Company,2013-07-21,46,4276354.273195885,Address_312,Yes,Yes,AGENT_9402,4
TPIN_56558415,Business_0313,Sole Proprietor,2007-02-26,53,4010936.200890404,Address_313,Yes,Yes,AGENT_1732,1
TPIN_78143755,Business_0314,Sole Proprietor,2004-02-09,10,5456890.512101439,Address_314,Yes,Yes,AGENT_9153,1
TPIN_20780191,Business_0315,Limited Company,2017-08-04,49,9767059.66119717,Address_315,Yes,No,AGENT_8473,1
TPIN_99981846,Business_0316,Sole Proprietor,2020-09-11,96,197582.61630899413,Address_316,Yes,Yes,None,1
TPIN_88890255,Business_0317,Limited Company,2011-10-23,85,3358859.123091101,Address_317,No,No,AGENT_5075,2
TPIN_81095851,Business_0318,Limited Company,2019-01-26,109,2668196.1357491664,Address_318,Yes,Yes,AGENT_4102,3
TPIN_71903885,Business_0319,Sole Proprietor,2009-01-11,58,1707906.2780212278,Address_319,Yes,Yes,AGENT_1387,1
TPIN_65039813,Business_0320,Sole Proprietor,2010-08-18,186,6944297.179943506,Address_320,Yes,Yes,AGENT_9947,1
TPIN_60039322,Business_0321,Sole Proprietor,2018-09-11,130,6597630.107009831,Address_321,Yes,Yes,AGENT_6078,1
TPIN_88613470,Business_0322,Partnership,2012-02-23,49,1600792.514259291,Address_322,No,Yes,AGENT_6557,1
TPIN_82182756,Business_0323,Sole Proprietor,2023-05-20,4,4806717.825424638,Address_323,Yes,Yes,AGENT_6997,1
TPIN_59277606,Business_0324,Limited Company,2020-01-15,110,8081149.132730872,Address_324,Yes,Yes,None,3
TPIN_36376731,Business_0325,Limited Company,2017-10-28,164,328287.15373034624,Address_325,Yes,Yes,None,3
TPIN_96846941,Business_0326,Sole Proprietor,2005-01-17,73,2732970.794012159,Address_326,No,Yes,None,1
TPIN_82512318,Business_0327,Limited Company,2011-06-20,93,8526876.148391003,Address_327,Yes,Yes,None,1
TPIN_44565669,Business_0328,Partnership,2012-01-13,53,8152357.914499254,Address_328,Yes,Yes,AGENT_1121,1
TPIN_54911339,Business_0329,Limited Company,2010-07-27,121,3190091.8187112915,Address_329,Yes,Yes,AGENT_5142,1
TPIN_36410912,Business_0330,Limited Company,2018-11-25,108,3582891.4850303642,Address_330,Yes,Yes,AGENT_4110,3
TPIN_10109530,Business_0331,Limited Company,2021-01-09,172,9786686.167321831,Address_331,Yes,Yes,None,1
TPIN_38834727,Business_0332,Limited Company,2021-05-31,125,6817122.254972425,Address_332,Yes,Yes,None,3
TPIN_98359314,Business_0333,Limited Company,2016-07-10,54,1310733.0369593531,Address_333,Yes,Yes,None,1
TPIN_19744868,Business_0334,Partnership,2019-07-03,180,6657072.467809826,Address_334,No,Yes,AGENT_5996,1
TPIN_63269266,Business_0335,Limited Company,2006-09-20,102,5979424.248423275,Address_335,Yes,Yes,None,3
TPIN_62454419,Business_0336,Sole Proprietor,2022-04-11,70,9668138.861754773,Address_336,Yes,Yes,AGENT_2256,1
TPIN_93217120,Business_0337,Limited Company,2013-10-21,194,5286565.481385017,Address_337,Yes,Yes,AGENT_9978,2
TPIN_80421630,Business_0338,Sole Proprietor,2020-09-18,186,4188035.694978629,Address_338,Yes,Yes,None,1
TPIN_29060472,Business_0339,Limited Company,2022-06-21,185,7060179.117131787,Address_339,Yes,Yes,AGENT_8496,4
TPIN_78313108,Business_0340,Limited Company,2023-03-14,37,5764884.876686279,Address_340,Yes,Yes,AGENT_8811,4
TPIN_43163820,Business_0341,Sole Proprietor,2020-11-29,144,8315051.132822718,Address_341,Yes,Yes,None,1
TPIN_74371878,Business_0342,Sole Proprietor,2019-05-15,18,2815009.184068393,Address_342,Yes,Yes,AGENT_6673,1
TPIN_12870567,Business_0343,Sole Proprietor,2007-07-19,144,686311.6320077162,Address_343,Yes,Yes,None,1
TPIN_36459196,Business_0344,Limited Company,2022-12-17,7,2171810.9947684347,Address_344,No,Yes,None,3
TPIN_92033499,Business_0345,Sole Proprietor,2014-05-19,93,1209078.7376019878,Address_345,Yes,Yes,None,1
TPIN_72802541,Business_0346,Limited Company,2018-10-08,168,3660420.9693842195,Address_346,Yes,No,AGENT_1369,1
TPIN_58622010,Business_0347,Limited Company,2008-04-24,153,5120090.0108198635,Address_347,Yes,Yes,AGENT_5922,2
TPIN_71872869,Business_0348,Limited Company,2011-10-16,154,862334.575811538,Address_348,Yes,No,AGENT_5921,2
TPIN_55107710,Business_0349,Sole Proprietor,2017-10-30,107,5868510.959696592,Address_349,Yes,Yes,None,1
TPIN_62967096,Business_0350,Sole Proprietor,2012-09-21,37,2153844.3779827133,Address_350,Yes,Yes,None,1
TPIN_27688334,Business_0351,Limited Company,2011-07-08,175,3190928.0721467864,Address_351,Yes,Yes,None,1
TPIN_41470344,Business_0352,Limited Company,2005-12-24,22,841233.1709413519,Address_352,Yes,Yes,AGENT_6508,4
TPIN_27065385,Business_0353,Limited Company,2010-06-07,125,292529.63103338634,Address_353,Yes,Yes,AGENT_4169,3
TPIN_23792731,Business_0354,Limited Company,2018-09-09,163,4439589.768866835,Address_354,Yes,Yes,None,4
TPIN_60004359,Business_0355,Limited Company,2015-08-28,97,8057912.022479451,Address_355,Yes,Yes,None,1
TPIN_80872039,Business_0356,Partnership,2012-11-12,199,3134895.1793970014,Address_356,Yes,Yes,AGENT_7043,1
TPIN_94318162,Business_0357,Partnership,2011-02-12,25,4045076.6119376044,Address_357,No,Yes,AGENT_8870,1
TPIN_89896764,Business_0358,Partnership,2008-05-23,95,6905663.201882123,Address_358,No,Yes,AGENT_9003,1
TPIN_63037889,Business_0359,Limited Company,2021-06-13,55,3803129.595773113,Address_359,Yes,Yes,None,2
TPIN_10462221,Business_0360,Sole Proprietor,2016-08-30,88,6439764.799859552,Address_360,Yes,Yes,AGENT_3687,1
TPIN_20230690,Business_0361,Limited Company,2004-11-12,174,4633201.061057165,Address_361,Yes,Yes,AGENT_1303,3
TPIN_97264409,Business_0362,Limited Company,2019-01-16,104,5187533.749749431,Address_362,No,Yes,None,3
TPIN_56389378,Business_0363,Limited Company,2023-06-06,39,8535162.511089439,Address_363,Yes,Yes,None,2
TPIN_81221169,Business_0364,Limited Company,2007-03-05,190,7519080.1154071875,Address_364,Yes,Yes,AGENT_9043,3
TPIN_88431446,Business_0365,Limited Company,2017-10-14,93,963594.4026050289,Address_365,Yes,Yes,None,2
TPIN_23727398,Business_0366,Limited Company,2009-06-02,38,4295991.100383763,Address_366,Yes,No,AGENT_4628,1
TPIN_83370453,Business_0367,Limited Company,2009-04-07,171,6841895.190184517,Address_367,Yes,Yes,AGENT_8742,4
TPIN_65842229,Business_0368,Limited Company,2010-02-04,81,8896972.857218307,Address_368,Yes,Yes,None,1
TPIN_72456785,Business_0369,Limited Company,2014-05-13,115,7123266.7384265745,Address_369,Yes,No,AGENT_2732,1
TPIN_43301717,Business_0370,Limited Company,2022-09-10,46,2403781.568497324,Address_370,No,Yes,AGENT_1165,1
TPIN_87737915,Business_0371,Limited Company,2011-01-26,164,8434151.11298139,Address_371,Yes,Yes,AGENT_1446,3
TPIN_60875577,Business_0372,Limited Company,2016-06-24,168,183115.37163300283,Address_372,Yes,No,AGENT_7740,3
TPIN_72177941,Business_0373,Limited Company,2007-09-24,162,4804242.131975477,Address_373,Yes,Yes,None,2
TPIN_34850003,Business_0374,Limited Company,2014-08-28,149,1104290.6207136672,Address_374,Yes,Yes,AGENT_4440,2
TPIN_16037043,Business_0375,Partnership,2005-06-30,106,1904528.2832405444,Address_375,Yes,No,AGENT_5702,1
TPIN_13202578,Business_0376,Limited Company,2008-01-17,148,4495555.673520085,Address_376,Yes,Yes,None,1
TPIN_99735472,Business_0377,Sole Proprietor,2007-03-05,155,4646056.059622217,Address_377,Yes,Yes,AGENT_8597,1
TPIN_32863698,Business_0378,Limited Company,2005-03-28,34,2468389.072653309,Address_378,Yes,Yes,None,2
TPIN_84954452,Business_0379,Limited Company,2010-07-16,104,9522569.139847571,Address_379,No,Yes,AGENT_6479,3
TPIN_19725149,Business_0380,Partnership,2008-01-28,133,7859803.752242823,Address_380,Yes,Yes,AGENT_5135,1
TPIN_96823369,Business_0381,Sole Proprietor,2015-04-27,177,919809.3867936198,Address_381,No,Yes,AGENT_3194,1
TPIN_81841445,Business_0382,Partnership,2004-02-11,134,6924931.790669434,Address_382,Yes,No,AGENT_9310,1
TPIN_58474844,Business_0383,Limited Company,2020-07-12,80,9276985.167731969,Address_383,Yes,Yes,None,1
TPIN_52357477,Business_0384,Sole Proprietor,2006-11-20,160,4368783.529113776,Address_384,Yes,Yes,AGENT_4601,1
TPIN_26611183,Business_0385,Limited Company,2015-02-21,105,2309261.511188973,Address_385,Yes,Yes,None,4
TPIN_25636455,Business_0386,Limited Company,2020-03-29,4,4711475.977925764,Address_386,Yes,Yes,None,1
TPIN_92963742,Business_0387,Limited Company,2020-08-19,188,9527526.958431173,Address_387,Yes,Yes,AGENT_6502,3
TPIN_40730400,Business_0388,Sole Proprietor,2012-04-02,6,6699237.526713957,Address_388,Yes,Yes,AGENT_9016,1
TPIN_98592854,Business_0389,Limited Company,2018-03-04,129,9504085.332376448,Address_389,Yes,Yes,None,3
TPIN_32006279,Business_0390,Partnership,2008-09-30,162,2983360.8951735687,Address_390,No,Yes,AGENT_8778,1
TPIN_39243306,Business_0391,Limited Company,2010-04-01,31,2218608.926946069,Address_391,Yes,Yes,AGENT_3994,4
TPIN_41771018,Business_0392,Sole Proprietor,2019-10-24,190,9860365.657125382,Address_392,Yes,No,AGENT_3666,1
TPIN_98064841,Business_0393,Limited Company,2004-05-03,73,5170462.053259257,Address_393,Yes,Yes,None,3
TPIN_93884644,Business_0394,Sole Proprietor,2008-12-28,96,9157951.825590359,Address_394,Yes,No,AGENT_8874,1
TPIN_49626783,Business_0395,Partnership,2007-08-04,112,8184553.090498089,Address_395,Yes,Yes,None,1
TPIN_35543204,Business_0396,Limited Company,2008-03-13,48,699909.4552657554,Address_396,Yes,Yes,AGENT_7350,1
TPIN_49129753,Business_0397,Limited Company,2007-10-14,18,5655917.938867726,Address_397,Yes,Yes,AGENT_2533,1
TPIN_44830685,Business_0398,Sole Proprietor,2018-05-22,127,1338229.5699014133,Address_398,Yes,Yes,None,1
TPIN_92876445,Business_0399,Limited Company,2017-06-29,74,8633148.820190659,Address_399,Yes,Yes,None,2
TPIN_30228759,Business_0400,Sole Proprietor,2020-06-03,56,5748323.14336306,Address_400,Yes,Yes,AGENT_5322,1
TPIN_83413882,Business_0401,Limited Company,2017-08-04,152,340104.06682822516,Address_401,Yes,Yes,AGENT_1098,2
TPIN_94798448,Business_0402,Limited Company,2014-04-24,75,5594866.602514239,Address_402,Yes,Yes,AGENT_1220,1
TPIN_83740292,Business_0403,Sole Proprietor,2017-04-14,189,7517787.708189745,Address_403,Yes,Yes,None,1
TPIN_18779511,Business_0404,Sole Proprietor,2019-01-26,109,6711890.811545704,Address_404,No,No,None,1
TPIN_58824697,Business_0405,Sole Proprietor,2023-01-07,160,8506215.39790111,Address_405,Yes,Yes,AGENT_7276,1
TPIN_12105320,Business_0406,Limited Company,2006-08-21,98,3073562.235060679,Address_406,Yes,Yes,AGENT_2554,4
TPIN_34333316,Business_0407,Sole Proprietor,2006-07-11,121,595815.306605453,Address_407,Yes,Yes,AGENT_4391,1
TPIN_10432759,Business_0408,Sole Proprietor,2012-08-23,115,9532517.30509385,Address_408,Yes,Yes,None,1
TPIN_13560874,Business_0409,Sole Proprietor,2021-11-18,197,4205872.951144977,Address_409,Yes,Yes,AGENT_2714,1
TPIN_20928803,Business_0410,Limited Company,2017-03-01,178,3125010.678194035,Address_410,Yes,Yes,None,4
TPIN_90245296,Business_0411,Limited Company,2014-07-14,59,1878584.4040543344,Address_411,Yes,Yes,None,3
TPIN_49919969,Business_0412,Sole Proprietor,2006-07-25,118,7579157.884410526,Address_412,Yes,Yes,None,1
TPIN_83093881,Business_0413,Sole Proprietor,2010-08-20,77,7192621.227895059,Address_413,Yes,Yes,AGENT_8087,1
TPIN_58868375,Business_0414,Partnership,2018-06-27,29,6363615.120126513,Address_414,Yes,Yes,AGENT_8750,1
TPIN_38773581,Business_0415,Sole Proprietor,2022-08-22,50,4178195.5773996217,Address_415,Yes,Yes,AGENT_3394,1
TPIN_70026826,Business_0416,Limited Company,2016-10-27,105,791970.9683676142,Address_416,Yes,Yes,None,1
TPIN_75185218,Business_0417,Limited Company,2018-07-04,107,7236152.546709345,Address_417,Yes,Yes,AGENT_9340,4
TPIN_94584753,Business_0418,Sole Proprietor,2007-05-25,167,162628.9202058868,Address_418,Yes,Yes,None,1
TPIN_38884683,Business_0419,Partnership,2004-12-20,195,8958954.733366879,Address_419,Yes,Yes,None,1
TPIN_61415028,Business_0420,Limited Company,2007-10-11,6,720314.0644156483,Address_420,Yes,Yes,None,3
TPIN_34745018,Business_0421,Limited Company,2008-01-18,48,1470615.4930623693,Address_421,Yes,Yes,AGENT_5533,2
TPIN_35441315,Business_0422,Limited Company,2022-07-17,75,2418486.6907416293,Address_422,No,Yes,AGENT_9671,1
TPIN_18365868,Business_0423,Limited Company,2012-12-20,27,413491.39169330755,Address_423,Yes,Yes,AGENT_8951,4
TPIN_35855190,Business_0424,Limited Company,2017-04-21,57,1607511.2674852456,Address_424,Yes,Yes,AGENT_8491,1
TPIN_58395976,Business_0425,Limited Company,2010-06-24,100,1877244.0453754656,Address_425,Yes,No,AGENT_3824,1
TPIN_57541540,Business_0426,Limited Company,2013-07-26,57,862431.7557797543,Address_426,Yes,No,AGENT_8832,2
TPIN_49315049,Business_0427,Limited Company,2013-10-27,44,2873478.7724101353,Address_427,Yes,Yes,None,1
TPIN_22918725,Business_0428,Limited Company,2011-05-10,182,9278363.861381311,Address_428,Yes,No,None,4
TPIN_89222890,Business_0429,Sole Proprietor,2020-12-02,34,9818307.642045721,Address_429,Yes,Yes,AGENT_3847,1
TPIN_35622534,Business_0430,Limited Company,2022-07-16,176,6458751.421356775,Address_430,Yes,Yes,None,3
TPIN_86882746,Business_0431,Limited Company,2019-11-22,177,8914539.284203611,Address_431,Yes,No,AGENT_4781,2
TPIN_40901861,Business_0432,Limited Company,2021-03-01,77,2141237.2120070695,Address_432,Yes,Yes,AGENT_1638,1
TPIN_93589193,Business_0433,Sole Proprietor,2013-11-27,196,1155247.0843403093,Address_433,Yes,Yes,None,1
TPIN_25241129,Business_0434,Limited Company,2010-02-21,86,1155520.646585003,Address_434,Yes,Yes,None,4
TPIN_67791777,Business_0435,Limited Company,2012-10-27,21,3916017.4213854596,Address_435,Yes,Yes,AGENT_1029,4
TPIN_20325599,Business_0436,Limited Company,2013-08-16,173,9560240.793470865,Address_436,Yes,Yes,AGENT_9141,1
TPIN_86622767,Business_0437,Sole Proprietor,2023-02-15,58,6706768.751815699,Address_437,No,Yes,None,1
TPIN_76371225,Business_0438,Sole Proprietor,2005-12-14,105,115898.87767248352,Address_438,Yes,Yes,AGENT_7870,1
TPIN_31182830,Business_0439,Sole Proprietor,2013-03-28,146,317741.1272647304,Address_439,Yes,Yes,AGENT_2096,1
TPIN_72414603,Business_0440,Limited Company,2018-08-30,152,9361015.940499164,Address_440,Yes,Yes,None,4
TPIN_14007856,Business_0441,Partnership,2023-11-01,159,8885536.74953111,Address_441,Yes,Yes,None,1
TPIN_66488404,Business_0442,Sole Proprietor,2013-07-14,21,7976088.167778715,Address_442,Yes,Yes,AGENT_8778,1
TPIN_41362142,Business_0443,Sole Proprietor,2006-07-18,177,9927528.213105895,Address_443,Yes,Yes,AGENT_5024,1
TPIN_66603341,Business_0444,Sole Proprietor,2022-02-19,64,202951.96900307678,Address_444,Yes,Yes,None,1
TPIN_15275399,Business_0445,Sole Proprietor,2008-10-06,27,3615844.9651810187,Address_445,Yes,Yes,None,1
TPIN_18442791,Business_0446,Limited Company,2007-03-05,115,3029843.171128987,Address_446,Yes,Yes,None,4
TPIN_38176641,Business_0447,Limited Company,2018-05-05,195,1578597.7778196295,Address_447,Yes,Yes,None,2
TPIN_50634624,Business_0448,Limited Company,2020-05-12,73,9189908.178116335,Address_448,Yes,Yes,AGENT_6038,2
TPIN_16850470,Business_0449,Sole Proprietor,2013-07-26,17,1755427.6668426155,Address_449,Yes,Yes,AGENT_4228,1
TPIN_55779303,Business_0450,Limited Company,2017-06-11,120,7764548.725364403,Address_450,Yes,Yes,None,2
TPIN_38658274,Business_0451,Limited Company,2013-02-07,6,2419127.0424107043,Address_451,Yes,Yes,None,1
TPIN_60551827,Business_0452,Limited Company,2008-07-04,186,2925912.2556329756,Address_452,Yes,Yes,AGENT_4812,3
TPIN_57518547,Business_0453,Sole Proprietor,2023-04-19,54,753836.0291136965,Address_453,Yes,Yes,AGENT_7082,1
TPIN_18426807,Business_0454,Sole Proprietor,2016-06-17,106,861094.3114930394,Address_454,Yes,Yes,AGENT_6548,1
TPIN_54626225,Business_0455,Limited Company,2007-04-25,103,5053965.865486755,Address_455,No,Yes,AGENT_4356,3
TPIN_98010441,Business_0456,Limited Company,2010-09-13,124,5508596.27156678,Address_456,Yes,No,None,4
TPIN_41327809,Business_0457,Sole Proprietor,2022-12-20,13,3939816.275288491,Address_457,Yes,No,None,1
TPIN_33144697,Business_0458,Limited Company,2013-11-23,180,1931522.741369844,Address_458,Yes,Yes,AGENT_9929,4
TPIN_16773249,Business_0459,Limited Company,2015-11-29,154,1664680.9677558206,Address_459,Yes,Yes,AGENT_1724,2
TPIN_92820969,Business_0460,Limited Company,2009-10-11,127,4167992.4347542957,Address_460,No,Yes,AGENT_3450,2
TPIN_25506321,Business_0461,Limited Company,2020-09-19,112,4674591.264511597,Address_461,No,Yes,AGENT_2123,2
TPIN_81288272,Business_0462,Sole Proprietor,2006-10-07,9,9681823.321905117,Address_462,No,Yes,None,1
TPIN_37652731,Business_0463,Sole Proprietor,2015-12-18,170,1616996.5033289448,Address_463,Yes,Yes,None,1
TPIN_98277404,Business_0464,Sole Proprietor,2015-07-02,87,1940408.538926611,Address_464,Yes,Yes,AGENT_5355,1
TPIN_56910018,Business_0465,Partnership,2023-05-19,167,4740212.165871534,Address_465,Yes,No,None,1
TPIN_70068647,Business_0466,Sole Proprietor,2019-01-04,56,7713427.677988912,Address_466,Yes,Yes,AGENT_2994,1
TPIN_84921920,Business_0467,Sole Proprietor,2009-06-28,191,5247169.856742718,Address_467,No,Yes,AGENT_5688,1
TPIN_42785416,Business_0468,Sole Proprietor,2023-11-13,57,4673207.935459399,Address_468,Yes,Yes,None,1
TPIN_64346695,Business_0469,Sole Proprietor,2004-09-28,26,6395517.523570361,Address_469,Yes,Yes,AGENT_3023,1
TPIN_24449029,Business_0470,Sole Proprietor,2006-04-30,81,6554638.732347362,Address_470,Yes,Yes,AGENT_4675,1
TPIN_44219505,Business_0471,Sole Proprietor,2023-11-27,56,4363356.6135208635,Address_471,Yes,Yes,AGENT_1857,1
TPIN_74397097,Business_0472,Limited Company,2006-12-20,139,2152104.72790583,Address_472,Yes,Yes,None,2
TPIN_64768814,Business_0473,Limited Company,2014-08-19,39,5326231.038195045,Address_473,Yes,Yes,AGENT_5750,1
TPIN_97281864,Business_0474,Limited Company,2023-06-30,172,378908.8519205358,Address_474,Yes,Yes,None,4
TPIN_93473721,Business_0475,Limited Company,2010-01-17,175,3745611.0969366496,Address_475,Yes,Yes,None,1
TPIN_11749953,Business_0476,Limited Company,2018-11-14,82,6455147.983680638,Address_476,Yes,Yes,AGENT_6450,2
TPIN_13565916,Business_0477,Limited Company,2006-02-24,180,8405812.221041396,Address_477,No,Yes,AGENT_8563,1
TPIN_77142607,Business_0478,Limited Company,2023-06-19,196,288013.5057608414,Address_478,No,No,AGENT_6782,3
TPIN_64853935,Business_0479,Limited Company,2008-10-25,109,8616703.4774293,Address_479,Yes,Yes,None,4
TPIN_88853663,Business_0480,Sole Proprietor,2017-02-22,177,9512603.935375951,Address_480,Yes,Yes,AGENT_5385,1
TPIN_44544747,Business_0481,Limited Company,2020-03-12,126,2521601.3616097495,Address_481,Yes,Yes,AGENT_9337,4
TPIN_45596238,Business_0482,Limited Company,2011-05-05,111,2767795.965619742,Address_482,Yes,No,None,2
TPIN_80256644,Business_0483,Sole Proprietor,2008-12-22,55,5483651.277250868,Address_483,Yes,No,None,1
TPIN_76980901,Business_0484,Limited Company,2013-08-24,166,985612.5584615638,Address_484,Yes,Yes,AGENT_2643,4
TPIN_39783716,Business_0485,Limited Company,2020-06-11,192,7709814.19387721,Address_485,No,Yes,AGENT_4937,4
TPIN_25680513,Business_0486,Sole Proprietor,2006-01-21,91,9385595.504495736,Address_486,Yes,Yes,AGENT_1175,1
TPIN_55567414,Business_0487,Sole Proprietor,2020-10-15,118,5471616.274153544,Address_487,Yes,Yes,None,1
TPIN_55120474,Business_0488,Limited Company,2006-05-06,29,1917063.06527993,Address_488,Yes,Yes,AGENT_2104,1
TPIN_83741034,Business_0489,Partnership,2017-01-22,45,7916780.96327458,Address_489,Yes,No,AGENT_1323,1
TPIN_41317137,Business_0490,Sole Proprietor,2015-09-23,75,775493.5330401604,Address_490,Yes,No,AGENT_3754,1
TPIN_88674565,Business_0491,Limited Company,2017-04-11,165,9342582.301929595,Address_491,Yes,Yes,AGENT_6355,4
TPIN_95884024,Business_0492,Limited Company,2010-09-05,58,2521942.3447417524,Address_492,No,Yes,AGENT_4691,2
TPIN_53340831,Business_0493,Sole Proprietor,2009-02-06,139,6017199.288677252,Address_493,Yes,No,AGENT_1259,1
TPIN_64188491,Business_0494,Limited Company,2008-10-23,155,8481732.354546798,Address_494,Yes,Yes,None,3
TPIN_41200160,Business_0495,Limited Company,2015-01-25,178,1080650.7458800096,Address_495,Yes,Yes,None,4
TPIN_68992102,Business_0496,Limited Company,2013-10-13,91,4099154.9305223436,Address_496,Yes,Yes,None,4
TPIN_17855125,Business_0497,Limited Company,2013-06-20,68,6899777.0671682665,Address_497,Yes,Yes,AGENT_4069,3
TPIN_61842655,Business_0498,Limited Company,2008-08-21,71,6950295.287986813,Address_498,Yes,Yes,None,2
TPIN_62560876,Business_0499,Limited Company,2015-09-09,80,6795536.3539591255,Address_499,Yes,Yes,AGENT_8927,1
